source_md,link,resolved_path,exists
docs/FRONTEND_INVESTIGATION_REPORT_UPDATED.md,07_Reports.md,docs/07_Reports.md,YES
docs/07_Reports.md,FRONTEND_INVESTIGATION_REPORT.md,docs/FRONTEND_INVESTIGATION_REPORT.md,YES
docs/07_Reports.md,FRONTEND_INVESTIGATION_REPORT_UPDATED.md,docs/FRONTEND_INVESTIGATION_REPORT_UPDATED.md,YES
docs/07_Reports.md,FRONTEND_IMPROVEMENTS_PROGRESS.md,docs/FRONTEND_IMPROVEMENTS_PROGRESS.md,YES
docs/07_Reports.md,FRONTEND_COMPLETION_SUMMARY.md,docs/FRONTEND_COMPLETION_SUMMARY.md,YES
docs/07_Reports.md,project/PROJECT_COMPLETION_FINAL.md,docs/project/PROJECT_COMPLETION_FINAL.md,NO
docs/07_Reports.md,internal/archives/reports/consolidated_reports.md,docs/internal/archives/reports/consolidated_reports.md,NO
docs/PLUGIN_ARCHITECTURE_RECOMMENDATIONS.md,./PLUGIN_ARCHITECTURE_MIGRATION_PLAN.md,docs/PLUGIN_ARCHITECTURE_MIGRATION_PLAN.md,YES
docs/02_Developer_Guide.md,developers/README.md,docs/developers/README.md,YES
docs/02_Developer_Guide.md,api/README.md,docs/api/README.md,NO
docs/02_Developer_Guide.md,API_DOCUMENTATION.md,docs/API_DOCUMENTATION.md,YES
docs/02_Developer_Guide.md,developers/contributing.md,docs/developers/contributing.md,NO
docs/02_Developer_Guide.md,developers/TESTING_DOCUMENTATION.md,docs/developers/TESTING_DOCUMENTATION.md,NO
docs/02_Developer_Guide.md,deployment/ci-cd.md,docs/deployment/ci-cd.md,NO
docs/02_Developer_Guide.md,developers/FRONTEND_STANDARDS.md,docs/developers/FRONTEND_STANDARDS.md,NO
docs/PLUGIN_MIGRATION_EXECUTION_PLAN.md,./PLUGIN_ARCHITECTURE_RECOMMENDATIONS.md,docs/PLUGIN_ARCHITECTURE_RECOMMENDATIONS.md,YES
docs/PLUGIN_MIGRATION_EXECUTION_PLAN.md,./PLUGIN_ARCHITECTURE_MIGRATION_PLAN.md,docs/PLUGIN_ARCHITECTURE_MIGRATION_PLAN.md,YES
docs/PLUGIN_MIGRATION_EXECUTION_PLAN.md,./PLUGIN_TAXONOMY_AND_GROUPING.md,docs/PLUGIN_TAXONOMY_AND_GROUPING.md,YES
docs/06_User_Guides.md,users/getting-started.md,docs/users/getting-started.md,NO
docs/06_User_Guides.md,users/tutorials/first-case.md,docs/users/tutorials/first-case.md,NO
docs/06_User_Guides.md,users/tutorials/fraud-analysis.md,docs/users/tutorials/fraud-analysis.md,NO
docs/06_User_Guides.md,users/cases.md,docs/users/cases.md,NO
docs/06_User_Guides.md,users/troubleshooting.md,docs/users/troubleshooting.md,NO
docs/PLUGIN_TAXONOMY_AND_GROUPING.md,./PLUGIN_ARCHITECTURE_RECOMMENDATIONS.md,docs/PLUGIN_ARCHITECTURE_RECOMMENDATIONS.md,YES
docs/PLUGIN_TAXONOMY_AND_GROUPING.md,./PLUGIN_ARCHITECTURE_MIGRATION_PLAN.md,docs/PLUGIN_ARCHITECTURE_MIGRATION_PLAN.md,YES
docs/05_Architecture_and_Design.md,architecture/C4_DIAGRAMS.md,docs/architecture/C4_DIAGRAMS.md,NO
docs/05_Architecture_and_Design.md,architecture/FULL_DESIGN_SPEC.md,docs/architecture/FULL_DESIGN_SPEC.md,NO
docs/05_Architecture_and_Design.md,PLUGIN_ARCHITECTURE_MIGRATION_PLAN.md,docs/PLUGIN_ARCHITECTURE_MIGRATION_PLAN.md,YES
docs/05_Architecture_and_Design.md,SYSTEM_ORCHESTRATION_FRAMEWORK.md,docs/SYSTEM_ORCHESTRATION_FRAMEWORK.md,NO
docs/01_Project.md,project/master_plan.md,docs/project/master_plan.md,NO
docs/01_Project.md,project/master_todo.md,docs/project/master_todo.md,NO
docs/01_Project.md,project/roadmap.md,docs/project/roadmap.md,NO
docs/01_Project.md,project/PERFECTION_ROADMAP.md,docs/project/PERFECTION_ROADMAP.md,NO
docs/01_Project.md,project/IMPLEMENTATION_RECORD.md,docs/project/IMPLEMENTATION_RECORD.md,NO
docs/01_Project.md,project/phases/,docs/project/phases,NO
docs/01_Project.md,SYSTEM_ORCHESTRATION_FRAMEWORK.md,docs/SYSTEM_ORCHESTRATION_FRAMEWORK.md,NO
docs/DOCUMENTATION_INDEX.md,01_Project.md,docs/01_Project.md,YES
docs/DOCUMENTATION_INDEX.md,02_Developer_Guide.md,docs/02_Developer_Guide.md,YES
docs/DOCUMENTATION_INDEX.md,03_Standards_and_Policies.md,docs/03_Standards_and_Policies.md,YES
docs/DOCUMENTATION_INDEX.md,04_Operations_and_Deployment.md,docs/04_Operations_and_Deployment.md,YES
docs/DOCUMENTATION_INDEX.md,05_Architecture_and_Design.md,docs/05_Architecture_and_Design.md,YES
docs/DOCUMENTATION_INDEX.md,06_User_Guides.md,docs/06_User_Guides.md,YES
docs/DOCUMENTATION_INDEX.md,07_Reports.md,docs/07_Reports.md,YES
docs/DOCUMENTATION_INDEX.md,API_DOCUMENTATION.md,docs/API_DOCUMENTATION.md,YES
docs/DOCUMENTATION_INDEX.md,internal/archives/,docs/internal/archives,YES
docs/DOCUMENTATION_INDEX.md,01_Project.md,docs/01_Project.md,YES
docs/DOCUMENTATION_INDEX.md,02_Developer_Guide.md,docs/02_Developer_Guide.md,YES
docs/DOCUMENTATION_INDEX.md,03_Standards_and_Policies.md,docs/03_Standards_and_Policies.md,YES
docs/DOCUMENTATION_INDEX.md,04_Operations_and_Deployment.md,docs/04_Operations_and_Deployment.md,YES
docs/DOCUMENTATION_INDEX.md,05_Architecture_and_Design.md,docs/05_Architecture_and_Design.md,YES
docs/DOCUMENTATION_INDEX.md,06_User_Guides.md,docs/06_User_Guides.md,YES
docs/DOCUMENTATION_INDEX.md,07_Reports.md,docs/07_Reports.md,YES
docs/DOCUMENTATION_INDEX.md,internal/archives/README.md,docs/internal/archives/README.md,YES
docs/DOCUMENTATION_INDEX.md,users/,docs/users,NO
docs/DOCUMENTATION_INDEX.md,developers/,docs/developers,YES
docs/DOCUMENTATION_INDEX.md,administrators/,docs/administrators,NO
docs/DOCUMENTATION_INDEX.md,api/,docs/api,NO
docs/DOCUMENTATION_INDEX.md,deployment/,docs/deployment,YES
docs/DOCUMENTATION_INDEX.md,project/,docs/project,NO
docs/DOCUMENTATION_INDEX.md,internal/,docs/internal,YES
docs/DOCUMENTATION_INDEX.md,internal/tools/DOCUMENTATION_SYSTEM_REDESIGN_PROPOSAL.md,docs/internal/tools/DOCUMENTATION_SYSTEM_REDESIGN_PROPOSAL.md,NO
docs/DOCUMENTATION_INDEX.md,users/getting-started.md,docs/users/getting-started.md,NO
docs/DOCUMENTATION_INDEX.md,users/faq.md,docs/users/faq.md,NO
docs/DOCUMENTATION_INDEX.md,users/project_selection.md,docs/users/project_selection.md,NO
docs/DOCUMENTATION_INDEX.md,users/dashboard.md,docs/users/dashboard.md,NO
docs/DOCUMENTATION_INDEX.md,users/cases.md,docs/users/cases.md,NO
docs/DOCUMENTATION_INDEX.md,users/investigation.md,docs/users/investigation.md,NO
docs/DOCUMENTATION_INDEX.md,users/ingestion.md,docs/users/ingestion.md,NO
docs/DOCUMENTATION_INDEX.md,users/network-analysis.md,docs/users/network-analysis.md,NO
docs/DOCUMENTATION_INDEX.md,users/settings.md,docs/users/settings.md,NO
docs/DOCUMENTATION_INDEX.md,users/tutorials/first-case.md,docs/users/tutorials/first-case.md,NO
docs/DOCUMENTATION_INDEX.md,users/tutorials/fraud-analysis.md,docs/users/tutorials/fraud-analysis.md,NO
docs/DOCUMENTATION_INDEX.md,developers/setup.md,docs/developers/setup.md,NO
docs/DOCUMENTATION_INDEX.md,developers/architecture.md,docs/developers/architecture.md,NO
docs/DOCUMENTATION_INDEX.md,developers/ui-components.md,docs/developers/ui-components.md,NO
docs/DOCUMENTATION_INDEX.md,administrators/installation.md,docs/administrators/installation.md,NO
docs/DOCUMENTATION_INDEX.md,api/README.md,docs/api/README.md,NO
docs/DOCUMENTATION_INDEX.md,deployment/docker.md,docs/deployment/docker.md,NO
docs/DOCUMENTATION_INDEX.md,project/roadmap.md,docs/project/roadmap.md,NO
docs/DOCUMENTATION_INDEX.md,project/PERFECTION_ROADMAP_IMPLEMENTATION_LOG.md,docs/project/PERFECTION_ROADMAP_IMPLEMENTATION_LOG.md,NO
docs/DOCUMENTATION_INDEX.md,reports/DIAMOND_STANDARD_CERTIFICATION_FINAL.md,docs/reports/DIAMOND_STANDARD_CERTIFICATION_FINAL.md,NO
docs/DOCUMENTATION_INDEX.md,SYSTEM_ORCHESTRATION_FRAMEWORK.md,docs/SYSTEM_ORCHESTRATION_FRAMEWORK.md,NO
docs/DOCUMENTATION_INDEX.md,reports/CONSOLIDATED_SYSTEM_STATUS_2025_12_16.md,docs/reports/CONSOLIDATED_SYSTEM_STATUS_2025_12_16.md,NO
docs/DOCUMENTATION_INDEX.md,reports/archived/,docs/reports/archived,NO
docs/DOCUMENTATION_INDEX.md,internal/archives/PROJECT_COMPLETION_ARCHIVE.md,docs/internal/archives/PROJECT_COMPLETION_ARCHIVE.md,NO
docs/DOCUMENTATION_INDEX.md,internal/archives/SYSTEM_DIAGNOSTICS_FRAMEWORK.md,docs/internal/archives/SYSTEM_DIAGNOSTICS_FRAMEWORK.md,NO
docs/DOCUMENTATION_INDEX.md,internal/archives/STRATEGIC_ROADMAP.md,docs/internal/archives/STRATEGIC_ROADMAP.md,NO
docs/DOCUMENTATION_INDEX.md,internal/archives/API_SECURITY_GUIDE.md,docs/internal/archives/API_SECURITY_GUIDE.md,NO
docs/DOCUMENTATION_INDEX.md,internal/archives/TESTING_FRAMEWORK.md,docs/internal/archives/TESTING_FRAMEWORK.md,NO
docs/DOCUMENTATION_INDEX.md,internal/archives/PRODUCTION_OPERATIONS.md,docs/internal/archives/PRODUCTION_OPERATIONS.md,NO
docs/DOCUMENTATION_INDEX.md,internal/archives/FEATURE_DEVELOPMENT_ARCHIVE.md,docs/internal/archives/FEATURE_DEVELOPMENT_ARCHIVE.md,NO
docs/DOCUMENTATION_INDEX.md,reports/DIAMOND_STANDARD_CERTIFICATION_FINAL.md,docs/reports/DIAMOND_STANDARD_CERTIFICATION_FINAL.md,NO
docs/DOCUMENTATION_INDEX.md,SYSTEM_ORCHESTRATION_FRAMEWORK.md,docs/SYSTEM_ORCHESTRATION_FRAMEWORK.md,NO
docs/03_Standards_and_Policies.md,standards/comprehensive_standards_framework.md,docs/standards/comprehensive_standards_framework.md,YES
docs/03_Standards_and_Policies.md,standards/policy/information_security_policy.md,docs/standards/policy/information_security_policy.md,NO
docs/03_Standards_and_Policies.md,standards/policy/statement_of_applicability.md,docs/standards/policy/statement_of_applicability.md,NO
docs/03_Standards_and_Policies.md,standards/policy/risk_treatment_plan.md,docs/standards/policy/risk_treatment_plan.md,NO
docs/03_Standards_and_Policies.md,standards/procedures/security_incident_response.md,docs/standards/procedures/security_incident_response.md,NO
docs/03_Standards_and_Policies.md,standards/work_instructions/,docs/standards/work_instructions,NO
docs/03_Standards_and_Policies.md,standards/training/compliance_training_materials.md,docs/standards/training/compliance_training_materials.md,YES
docs/04_Operations_and_Deployment.md,deployment/DEPLOYMENT_CHECKLIST.md,docs/deployment/DEPLOYMENT_CHECKLIST.md,NO
docs/04_Operations_and_Deployment.md,deployment/ci-cd.md,docs/deployment/ci-cd.md,NO
docs/04_Operations_and_Deployment.md,deployment/docker.md,docs/deployment/docker.md,NO
docs/04_Operations_and_Deployment.md,KUBERNETES_DEPLOYMENT.md,docs/KUBERNETES_DEPLOYMENT.md,YES
docs/04_Operations_and_Deployment.md,deployment/scaling.md,docs/deployment/scaling.md,NO
docs/04_Operations_and_Deployment.md,deployment/desktop.md,docs/deployment/desktop.md,NO
docs/04_Operations_and_Deployment.md,GITHUB_SECRETS_SETUP.md,docs/GITHUB_SECRETS_SETUP.md,YES
docs/archive/2025/q4/development/enhanced-frontend.md,../reports/ENHANCED_FRONTEND_PROPOSAL_SYNCHRONIZED_2025_12_11.md,docs/archive/2025/q4/reports/ENHANCED_FRONTEND_PROPOSAL_SYNCHRONIZED_2025_12_11.md,YES
docs/archive/2025/q4/development/CROSS_REFERENCE_AUDIT_SUMMARY_2025_12_10.md,.*,docs/archive/2025/q4/development/.*,NO
docs/archive/2025/q4/planning/authentication.md,../00_ARCHITECTURE/00_TECH_STACK.md,docs/archive/2025/q4/00_ARCHITECTURE/00_TECH_STACK.md,NO
docs/archive/2025/q4/planning/authentication.md,../00_ARCHITECTURE/00_FRAUD_LOGIC.md,docs/archive/2025/q4/00_ARCHITECTURE/00_FRAUD_LOGIC.md,NO
docs/archive/2025/q4/planning/FE_UI_LOADING_STATES_DIAGNOSIS_SUMMARY.md,FE_UI_LOADING_STATES_IMPLEMENTATION_INSTRUCTIONS.md,docs/archive/2025/q4/planning/FE_UI_LOADING_STATES_IMPLEMENTATION_INSTRUCTIONS.md,YES
docs/archive/2025/q4/planning/FE_UI_LOADING_STATES_DIAGNOSIS_SUMMARY.md,FE_UI_LOADING_STATES_IMPLEMENTATION_INSTRUCTIONS.md,docs/archive/2025/q4/planning/FE_UI_LOADING_STATES_IMPLEMENTATION_INSTRUCTIONS.md,YES
docs/archive/2025/q4/planning/FE_UI_LOADING_STATES_DIAGNOSIS_SUMMARY.md,../reports/FE_UI_LOADING_STATES_IMPLEMENTATION_DIAGNOSIS_2025_12_10.md,docs/archive/2025/q4/reports/FE_UI_LOADING_STATES_IMPLEMENTATION_DIAGNOSIS_2025_12_10.md,YES
docs/archive/2025/q4/planning/FE_UI_LOADING_STATES_DIAGNOSIS_SUMMARY.md,spikes/FE_UI_LOADING_STATES_SPIKE.md,docs/archive/2025/q4/planning/spikes/FE_UI_LOADING_STATES_SPIKE.md,NO
docs/archive/2025/q4/planning/FE_UI_LOADING_STATES_DIAGNOSIS_SUMMARY.md,FE_UI_LOADING_STATES_IMPLEMENTATION_INSTRUCTIONS.md,docs/archive/2025/q4/planning/FE_UI_LOADING_STATES_IMPLEMENTATION_INSTRUCTIONS.md,YES
docs/archive/2025/q4/planning/FE_UI_LOADING_STATES_DIAGNOSIS_SUMMARY.md,../../master_todo.md,docs/archive/2025/master_todo.md,NO
docs/archive/2025/q4/planning/FE_UI_LOADING_STATES_DIAGNOSIS_SUMMARY.md,strategy/onboarding.md,docs/archive/2025/q4/planning/strategy/onboarding.md,NO
docs/archive/2025/q4/planning/collaborative-evidence.md,../reports/ENHANCED_FRONTEND_PROPOSAL_SYNCHRONIZED_2025_12_11.md,docs/archive/2025/q4/reports/ENHANCED_FRONTEND_PROPOSAL_SYNCHRONIZED_2025_12_11.md,YES
docs/archive/2025/q4/planning/settings.md,./../../assets/settings_mockup.png,docs/archive/2025/assets/settings_mockup.png,NO
docs/archive/2025/q4/planning/settings.md,../00_ARCHITECTURE/00_TECH_STACK.md,docs/archive/2025/q4/00_ARCHITECTURE/00_TECH_STACK.md,NO
docs/archive/2025/q4/planning/GETTING_STARTED_FINAL.md,first-case.md,docs/archive/2025/q4/planning/first-case.md,YES
docs/archive/2025/q4/planning/GETTING_STARTED_FINAL.md,basic-usage.md,docs/archive/2025/q4/planning/basic-usage.md,YES
docs/archive/2025/q4/planning/GETTING_STARTED_FINAL.md,../architecture/CORE_ARCHITECTURE.md,docs/archive/2025/q4/architecture/CORE_ARCHITECTURE.md,NO
docs/archive/2025/q4/planning/GETTING_STARTED_FINAL.md,../security/SECURITY_FULL.md,docs/archive/2025/q4/security/SECURITY_FULL.md,NO
docs/archive/2025/q4/planning/dashboard.md,./../../assets/dashboard_mockup.png,docs/archive/2025/assets/dashboard_mockup.png,NO
docs/archive/2025/q4/planning/dashboard.md,../00_ARCHITECTURE/00_TECH_STACK.md,docs/archive/2025/q4/00_ARCHITECTURE/00_TECH_STACK.md,NO
docs/archive/2025/q4/planning/dashboard.md,../00_ARCHITECTURE/00_DATA_MODELS.md,docs/archive/2025/q4/00_ARCHITECTURE/00_DATA_MODELS.md,NO
docs/archive/2025/q4/planning/basic-usage.md,case-management.md,docs/archive/2025/q4/planning/case-management.md,YES
docs/archive/2025/q4/planning/fraud-analysis.md,reporting.md,docs/archive/2025/q4/planning/reporting.md,YES
docs/archive/2025/q4/planning/reporting.md,./../../assets/report_page_mockup.png,docs/archive/2025/assets/report_page_mockup.png,NO
docs/archive/2025/q4/planning/reporting.md,../00_ARCHITECTURE/00_TECH_STACK.md,docs/archive/2025/q4/00_ARCHITECTURE/00_TECH_STACK.md,NO
docs/archive/2025/q4/planning/reporting.md,../00_ARCHITECTURE/00_DATA_MODELS.md,docs/archive/2025/q4/00_ARCHITECTURE/00_DATA_MODELS.md,NO
docs/archive/2025/q4/planning/reporting.md,./08_VISUALIZATION.md,docs/archive/2025/q4/planning/08_VISUALIZATION.md,NO
docs/archive/2025/q4/planning/reporting.md,./03_CASES.md,docs/archive/2025/q4/planning/03_CASES.md,NO
docs/archive/2025/q4/planning/reporting.md,./02_DASHBOARD.md,docs/archive/2025/q4/planning/02_DASHBOARD.md,NO
docs/archive/2025/q4/planning/reporting.md,./06_ADJUDICATION_QUEUE.md,docs/archive/2025/q4/planning/06_ADJUDICATION_QUEUE.md,NO
docs/archive/2025/q4/planning/reporting.md,./10_FRENLY_AI_ASSISTANT.md,docs/archive/2025/q4/planning/10_FRENLY_AI_ASSISTANT.md,NO
docs/archive/2025/q4/planning/adjudication.md,../../assets/adjudication_mockup.png,docs/archive/2025/assets/adjudication_mockup.png,NO
docs/archive/2025/q4/planning/adjudication.md,../00_ARCHITECTURE/00_TECH_STACK.md,docs/archive/2025/q4/00_ARCHITECTURE/00_TECH_STACK.md,NO
docs/archive/2025/q4/planning/adjudication.md,../00_ARCHITECTURE/00_DATA_MODELS.md,docs/archive/2025/q4/00_ARCHITECTURE/00_DATA_MODELS.md,NO
docs/archive/2025/q4/planning/adjudication.md,../00_ARCHITECTURE/00_FRAUD_LOGIC.md,docs/archive/2025/q4/00_ARCHITECTURE/00_FRAUD_LOGIC.md,NO
docs/archive/2025/q4/planning/FRAUD_ORCHESTRATION.md,./FEATURE_ORGANIZATION.md,docs/archive/2025/q4/planning/FEATURE_ORGANIZATION.md,YES
docs/archive/2025/q4/planning/FRAUD_ORCHESTRATION.md,./CROSS_PAGE_INTEGRATION.md,docs/archive/2025/q4/planning/CROSS_PAGE_INTEGRATION.md,YES
docs/archive/2025/q4/planning/FRAUD_ORCHESTRATION.md,../features/ai-assistant.md,docs/archive/2025/q4/features/ai-assistant.md,NO
docs/archive/2025/q4/planning/FE_UI_LOADING_STATES_IMPLEMENTATION_INSTRUCTIONS.md,../reports/FE_UI_LOADING_STATES_IMPLEMENTATION_DIAGNOSIS_2025_12_10.md,docs/archive/2025/q4/reports/FE_UI_LOADING_STATES_IMPLEMENTATION_DIAGNOSIS_2025_12_10.md,YES
docs/archive/2025/q4/planning/FE_UI_LOADING_STATES_IMPLEMENTATION_INSTRUCTIONS.md,spikes/FE_UI_LOADING_STATES_SPIKE.md,docs/archive/2025/q4/planning/spikes/FE_UI_LOADING_STATES_SPIKE.md,NO
docs/archive/2025/q4/planning/FE_UI_LOADING_STATES_IMPLEMENTATION_INSTRUCTIONS.md,spikes/FE_UI_LOADING_STATES_SPIKE.md,docs/archive/2025/q4/planning/spikes/FE_UI_LOADING_STATES_SPIKE.md,NO
docs/archive/2025/q4/planning/FE_UI_LOADING_STATES_IMPLEMENTATION_INSTRUCTIONS.md,../reports/FE_UI_LOADING_STATES_IMPLEMENTATION_DIAGNOSIS_2025_12_10.md,docs/archive/2025/q4/reports/FE_UI_LOADING_STATES_IMPLEMENTATION_DIAGNOSIS_2025_12_10.md,YES
docs/archive/2025/q4/planning/FE_UI_LOADING_STATES_IMPLEMENTATION_INSTRUCTIONS.md,../../master_todo.md,docs/archive/2025/master_todo.md,NO
docs/archive/2025/q4/planning/FE_UI_LOADING_STATES_IMPLEMENTATION_INSTRUCTIONS.md,../design-system/,docs/archive/2025/q4/design-system,NO
docs/archive/2025/q4/planning/FE_UI_LOADING_STATES_IMPLEMENTATION_INSTRUCTIONS.md,../architecture/ui-design.md,docs/archive/2025/q4/architecture/ui-design.md,NO
docs/archive/2025/q4/planning/ai-assistant.md,../00_ARCHITECTURE/00_TECH_STACK.md,docs/archive/2025/q4/00_ARCHITECTURE/00_TECH_STACK.md,NO
docs/archive/2025/q4/planning/ai-assistant.md,../00_ARCHITECTURE/00_FRAUD_LOGIC.md,docs/archive/2025/q4/00_ARCHITECTURE/00_FRAUD_LOGIC.md,NO
docs/archive/2025/q4/planning/ai-assistant.md,../../architecture/06_ai_orchestration_spec.md,docs/archive/2025/architecture/06_ai_orchestration_spec.md,NO
docs/archive/2025/q4/planning/ai-assistant.md,../../architecture/16_frenly_ai_design_orchestration.md,docs/archive/2025/architecture/16_frenly_ai_design_orchestration.md,NO
docs/archive/2025/q4/planning/ai-assistant.md,./ADJUDICATION_QUEUE.md,docs/archive/2025/q4/planning/ADJUDICATION_QUEUE.md,NO
docs/archive/2025/q4/planning/ai-assistant.md,./DASHBOARD.md,docs/archive/2025/q4/planning/DASHBOARD.md,YES
docs/archive/2025/q4/planning/ai-assistant.md,./CASE_DETAIL.md,docs/archive/2025/q4/planning/CASE_DETAIL.md,NO
docs/archive/2025/q4/planning/ai-assistant.md,user-guides/ai-training.md,docs/archive/2025/q4/planning/user-guides/ai-training.md,NO
docs/archive/2025/q4/planning/ai-assistant.md,user-guides/evidence-processing.md,docs/archive/2025/q4/planning/user-guides/evidence-processing.md,NO
docs/archive/2025/q4/planning/ai-assistant.md,user-guides/search-features.md,docs/archive/2025/q4/planning/user-guides/search-features.md,NO
docs/archive/2025/q4/planning/ai-assistant.md,user-guides/collaboration.md,docs/archive/2025/q4/planning/user-guides/collaboration.md,NO
docs/archive/2025/q4/planning/ai-assistant.md,api-docs/ai-endpoints.md,docs/archive/2025/q4/planning/api-docs/ai-endpoints.md,NO
docs/archive/2025/q4/planning/ai-assistant.md,api-docs/websocket-protocol.md,docs/archive/2025/q4/planning/api-docs/websocket-protocol.md,NO
docs/archive/2025/q4/planning/ai-assistant.md,api-docs/search-api.md,docs/archive/2025/q4/planning/api-docs/search-api.md,NO
docs/archive/2025/q4/planning/advanced-intelligence.md,../reports/ENHANCED_FRONTEND_PROPOSAL_SYNCHRONIZED_2025_12_11.md,docs/archive/2025/q4/reports/ENHANCED_FRONTEND_PROPOSAL_SYNCHRONIZED_2025_12_11.md,YES
docs/archive/2025/q4/planning/CROSS_PAGE_INTEGRATION.md,./features/adjudication.md,docs/archive/2025/q4/planning/features/adjudication.md,NO
docs/archive/2025/q4/planning/CROSS_PAGE_INTEGRATION.md,./features/ai-assistant.md,docs/archive/2025/q4/planning/features/ai-assistant.md,NO
docs/archive/2025/q4/planning/CROSS_PAGE_INTEGRATION.md,./features/authentication.md,docs/archive/2025/q4/planning/features/authentication.md,NO
docs/archive/2025/q4/planning/CROSS_PAGE_INTEGRATION.md,./features/cases.md,docs/archive/2025/q4/planning/features/cases.md,NO
docs/archive/2025/q4/planning/CROSS_PAGE_INTEGRATION.md,./features/dashboard.md,docs/archive/2025/q4/planning/features/dashboard.md,NO
docs/archive/2025/q4/planning/CROSS_PAGE_INTEGRATION.md,./features/desktop-experience.md,docs/archive/2025/q4/planning/features/desktop-experience.md,NO
docs/archive/2025/q4/planning/CROSS_PAGE_INTEGRATION.md,./features/error-handling.md,docs/archive/2025/q4/planning/features/error-handling.md,NO
docs/archive/2025/q4/planning/CROSS_PAGE_INTEGRATION.md,./features/evidence-and-forensics.md,docs/archive/2025/q4/planning/features/evidence-and-forensics.md,NO
docs/archive/2025/q4/planning/CROSS_PAGE_INTEGRATION.md,./features/reconciliation.md,docs/archive/2025/q4/planning/features/reconciliation.md,NO
docs/archive/2025/q4/planning/CROSS_PAGE_INTEGRATION.md,./features/reporting.md,docs/archive/2025/q4/planning/features/reporting.md,NO
docs/archive/2025/q4/planning/CROSS_PAGE_INTEGRATION.md,./features/settings.md,docs/archive/2025/q4/planning/features/settings.md,NO
docs/archive/2025/q4/planning/CROSS_PAGE_INTEGRATION.md,./features/visualization.md,docs/archive/2025/q4/planning/features/visualization.md,NO
docs/archive/2025/q4/planning/CROSS_PAGE_INTEGRATION.md,./features/../assets/cases_mockup.png,docs/archive/2025/q4/planning/assets/cases_mockup.png,NO
docs/archive/2025/q4/planning/CROSS_PAGE_INTEGRATION.md,./features/../assets/dashboard_mockup.png,docs/archive/2025/q4/planning/assets/dashboard_mockup.png,NO
docs/archive/2025/q4/planning/CROSS_PAGE_INTEGRATION.md,./features/../assets/evidence_mockup.png,docs/archive/2025/q4/planning/assets/evidence_mockup.png,NO
docs/archive/2025/q4/planning/CROSS_PAGE_INTEGRATION.md,./features/../assets/investigation_mockup.png,docs/archive/2025/q4/planning/assets/investigation_mockup.png,NO
docs/archive/2025/q4/planning/CROSS_PAGE_INTEGRATION.md,./features/../assets/settings_mockup.png,docs/archive/2025/q4/planning/assets/settings_mockup.png,NO
docs/archive/2025/q4/planning/CROSS_PAGE_INTEGRATION.md,./../assets/[feature]_mockup.png,docs/archive/2025/q4/assets/[feature]_mockup.png,NO
docs/archive/2025/q4/planning/CROSS_PAGE_INTEGRATION.md,./FEATURE_ORGANIZATION.md,docs/archive/2025/q4/planning/FEATURE_ORGANIZATION.md,YES
docs/archive/2025/q4/planning/CROSS_PAGE_INTEGRATION.md,./MASTER_ROADMAP.md,docs/archive/2025/q4/planning/MASTER_ROADMAP.md,NO
docs/archive/2025/q4/planning/CROSS_PAGE_INTEGRATION.md,../../master_plan.md,docs/archive/2025/master_plan.md,NO
docs/archive/2025/q4/planning/CROSS_PAGE_INTEGRATION.md,../../master_todo.md,docs/archive/2025/master_todo.md,NO
docs/archive/2025/q4/planning/reconciliation.md,./../../assets/reconciliation_mockup.png,docs/archive/2025/assets/reconciliation_mockup.png,NO
docs/archive/2025/q4/planning/reconciliation.md,../00_ARCHITECTURE/00_TECH_STACK.md,docs/archive/2025/q4/00_ARCHITECTURE/00_TECH_STACK.md,NO
docs/archive/2025/q4/planning/reconciliation.md,../00_ARCHITECTURE/00_FRAUD_LOGIC.md,docs/archive/2025/q4/00_ARCHITECTURE/00_FRAUD_LOGIC.md,NO
docs/archive/2025/q4/planning/reconciliation.md,./06_ADJUDICATION_QUEUE.md,docs/archive/2025/q4/planning/06_ADJUDICATION_QUEUE.md,NO
docs/archive/2025/q4/planning/reconciliation.md,./04_INGESTION.md,docs/archive/2025/q4/planning/04_INGESTION.md,NO
docs/archive/2025/q4/planning/reconciliation.md,./05_FORENSICS.md,docs/archive/2025/q4/planning/05_FORENSICS.md,NO
docs/archive/2025/q4/planning/reconciliation.md,./08_VISUALIZATION.md,docs/archive/2025/q4/planning/08_VISUALIZATION.md,NO
docs/archive/2025/q4/planning/first-case.md,basic-usage.md,docs/archive/2025/q4/planning/basic-usage.md,YES
docs/archive/2025/q4/planning/first-case.md,basic-usage.md,docs/archive/2025/q4/planning/basic-usage.md,YES
docs/archive/2025/q4/planning/legacy-diagnosis.md,00_STRATEGY_DIAGNOSIS.md,docs/archive/2025/q4/planning/00_STRATEGY_DIAGNOSIS.md,NO
docs/archive/2025/q4/planning/legacy-diagnosis.md,00_STRATEGY_USER_JOURNEY.md,docs/archive/2025/q4/planning/00_STRATEGY_USER_JOURNEY.md,NO
docs/archive/2025/q4/planning/legacy-diagnosis.md,00_STRATEGY_FRAUD_MECHANICS.md,docs/archive/2025/q4/planning/00_STRATEGY_FRAUD_MECHANICS.md,NO
docs/archive/2025/q4/planning/legacy-diagnosis.md,00_STRATEGY_INTERACTIVITY.md,docs/archive/2025/q4/planning/00_STRATEGY_INTERACTIVITY.md,NO
docs/archive/2025/q4/planning/legacy-diagnosis.md,00_STRATEGY_FRENLY_AI.md,docs/archive/2025/q4/planning/00_STRATEGY_FRENLY_AI.md,NO
docs/archive/2025/q4/planning/legacy-diagnosis.md,00_STRATEGY_FRENLY_AI_FUTURE.md,docs/archive/2025/q4/planning/00_STRATEGY_FRENLY_AI_FUTURE.md,NO
docs/archive/2025/q4/planning/legacy-diagnosis.md,00_STRATEGY_ONBOARDING.md,docs/archive/2025/q4/planning/00_STRATEGY_ONBOARDING.md,NO
docs/archive/2025/q4/planning/legacy-diagnosis.md,01_DASHBOARD.md,docs/archive/2025/q4/planning/01_DASHBOARD.md,NO
docs/archive/2025/q4/planning/legacy-diagnosis.md,02_CASES.md,docs/archive/2025/q4/planning/02_CASES.md,NO
docs/archive/2025/q4/planning/legacy-diagnosis.md,03_INVESTIGATION.md,docs/archive/2025/q4/planning/03_INVESTIGATION.md,NO
docs/archive/2025/q4/planning/legacy-diagnosis.md,04_EVIDENCE.md,docs/archive/2025/q4/planning/04_EVIDENCE.md,NO
docs/archive/2025/q4/planning/legacy-diagnosis.md,05_REPORTING.md,docs/archive/2025/q4/planning/05_REPORTING.md,NO
docs/archive/2025/q4/planning/legacy-diagnosis.md,06_SETTINGS.md,docs/archive/2025/q4/planning/06_SETTINGS.md,NO
docs/archive/2025/q4/planning/case-management.md,evidence-processing.md,docs/archive/2025/q4/planning/evidence-processing.md,YES
docs/archive/2025/q4/planning/FE_UI_LOADING_STATES_SPIKE.md,../reports/FE_UI_LOADING_STATES_IMPLEMENTATION_DIAGNOSIS_2025_12_10.md,docs/archive/2025/q4/reports/FE_UI_LOADING_STATES_IMPLEMENTATION_DIAGNOSIS_2025_12_10.md,YES
docs/archive/2025/q4/planning/FE_UI_LOADING_STATES_SPIKE.md,design-system/loading-states.md,docs/archive/2025/q4/planning/design-system/loading-states.md,NO
docs/archive/2025/q4/planning/FE_UI_LOADING_STATES_SPIKE.md,../reports/FE_UI_LOADING_STATES_IMPLEMENTATION_DIAGNOSIS_2025_12_10.md,docs/archive/2025/q4/reports/FE_UI_LOADING_STATES_IMPLEMENTATION_DIAGNOSIS_2025_12_10.md,YES
docs/archive/2025/q4/planning/evidence-processing.md,fraud-analysis.md,docs/archive/2025/q4/planning/fraud-analysis.md,YES
docs/archive/2025/q4/planning/cases.md,./../../assets/cases_mockup.png,docs/archive/2025/assets/cases_mockup.png,NO
docs/archive/2025/q4/planning/cases.md,../../architecture/MULTI_MEDIA_EVIDENCE_SPEC.md,docs/archive/2025/architecture/MULTI_MEDIA_EVIDENCE_SPEC.md,NO
docs/archive/2025/q4/planning/cases.md,../00_ARCHITECTURE/00_TECH_STACK.md,docs/archive/2025/q4/00_ARCHITECTURE/00_TECH_STACK.md,NO
docs/archive/2025/q4/planning/cases.md,../00_ARCHITECTURE/00_DATA_MODELS.md,docs/archive/2025/q4/00_ARCHITECTURE/00_DATA_MODELS.md,NO
docs/archive/2025/q4/planning/cases.md,../00_ARCHITECTURE/00_FRAUD_LOGIC.md,docs/archive/2025/q4/00_ARCHITECTURE/00_FRAUD_LOGIC.md,NO
docs/archive/2025/q4/planning/cases.md,./02_DASHBOARD.md,docs/archive/2025/q4/planning/02_DASHBOARD.md,NO
docs/archive/2025/q4/planning/cases.md,./04_INGESTION.md,docs/archive/2025/q4/planning/04_INGESTION.md,NO
docs/archive/2025/q4/planning/cases.md,./06_ADJUDICATION_QUEUE.md,docs/archive/2025/q4/planning/06_ADJUDICATION_QUEUE.md,NO
docs/archive/2025/q4/planning/error-handling.md,./docs/frontend/FRONTEND_DEVELOPMENT_GUIDELINES.md#error-handling,docs/archive/2025/q4/planning/docs/frontend/FRONTEND_DEVELOPMENT_GUIDELINES.md,NO
docs/archive/2025/q4/planning/error-handling.md,./docs/architecture/01_system_architecture.md#error-handling,docs/archive/2025/q4/planning/docs/architecture/01_system_architecture.md,NO
docs/archive/2025/q4/planning/error-handling.md,./docs/ci_cd/CI_CD_SETUP_GUIDE.md#monitoring,docs/archive/2025/q4/planning/docs/ci_cd/CI_CD_SETUP_GUIDE.md,NO
docs/archive/2025/q4/planning/evidence-and-forensics.md,./../../assets/evidence_mockup.png,docs/archive/2025/assets/evidence_mockup.png,NO
docs/archive/2025/q4/planning/evidence-and-forensics.md,../00_ARCHITECTURE/00_TECH_STACK.md,docs/archive/2025/q4/00_ARCHITECTURE/00_TECH_STACK.md,NO
docs/archive/2025/q4/planning/evidence-and-forensics.md,../00_ARCHITECTURE/00_FRAUD_LOGIC.md,docs/archive/2025/q4/00_ARCHITECTURE/00_FRAUD_LOGIC.md,NO
docs/archive/2025/q4/planning/evidence-and-forensics.md,./02_DASHBOARD.md,docs/archive/2025/q4/planning/02_DASHBOARD.md,NO
docs/archive/2025/q4/planning/evidence-and-forensics.md,./03_CASES.md,docs/archive/2025/q4/planning/03_CASES.md,NO
docs/archive/2025/q4/planning/evidence-and-forensics.md,./05_FORENSICS.md,docs/archive/2025/q4/planning/05_FORENSICS.md,NO
docs/archive/2025/q4/planning/evidence-and-forensics.md,../00_ARCHITECTURE/00_TECH_STACK.md,docs/archive/2025/q4/00_ARCHITECTURE/00_TECH_STACK.md,NO
docs/archive/2025/q4/planning/evidence-and-forensics.md,../00_ARCHITECTURE/00_DATA_MODELS.md,docs/archive/2025/q4/00_ARCHITECTURE/00_DATA_MODELS.md,NO
docs/archive/2025/q4/planning/evidence-and-forensics.md,../00_ARCHITECTURE/00_FRAUD_LOGIC.md,docs/archive/2025/q4/00_ARCHITECTURE/00_FRAUD_LOGIC.md,NO
docs/archive/2025/q4/planning/visualization.md,../00_ARCHITECTURE/00_TECH_STACK.md,docs/archive/2025/q4/00_ARCHITECTURE/00_TECH_STACK.md,NO
docs/archive/2025/q4/planning/visualization.md,../00_ARCHITECTURE/00_DATA_MODELS.md,docs/archive/2025/q4/00_ARCHITECTURE/00_DATA_MODELS.md,NO
docs/archive/2025/q4/planning/visualization.md,./07_RECONCILIATION.md,docs/archive/2025/q4/planning/07_RECONCILIATION.md,NO
docs/archive/2025/q4/planning/visualization.md,./09_SUMMARY.md,docs/archive/2025/q4/planning/09_SUMMARY.md,NO
docs/archive/2025/q4/planning/visualization.md,./03_CASES.md,docs/archive/2025/q4/planning/03_CASES.md,NO
docs/archive/2025/q4/planning/visualization.md,./02_DASHBOARD.md,docs/archive/2025/q4/planning/02_DASHBOARD.md,NO
docs/archive/2025/q4/planning/visualization.md,./10_FRENLY_AI_ASSISTANT.md,docs/archive/2025/q4/planning/10_FRENLY_AI_ASSISTANT.md,NO
docs/archive/2025/q4/planning/visualization.md,./06_ADJUDICATION_QUEUE.md,docs/archive/2025/q4/planning/06_ADJUDICATION_QUEUE.md,NO
docs/archive/2025/q4/planning/documentation-maintenance.md,master_plan.md,docs/archive/2025/q4/planning/master_plan.md,NO
docs/archive/2025/q4/planning/documentation-maintenance.md,master_todo.md,docs/archive/2025/q4/planning/master_todo.md,NO
docs/archive/2025/q4/planning/documentation-maintenance.md,orchestration_plan.md,docs/archive/2025/q4/planning/orchestration_plan.md,NO
docs/archive/2025/q4/planning/documentation-maintenance.md,testing_strategy.md,docs/archive/2025/q4/planning/testing_strategy.md,NO
docs/archive/2025/q4/planning/documentation-maintenance.md,user-guides/,docs/archive/2025/q4/planning/user-guides,NO
docs/archive/2025/q4/planning/documentation-maintenance.md,deployment/,docs/archive/2025/q4/planning/deployment,NO
docs/archive/2025/q4/planning/documentation-maintenance.md,API.md,docs/archive/2025/q4/planning/API.md,NO
docs/archive/2025/q4/planning/documentation-maintenance.md,TROUBLESHOOTING.md,docs/archive/2025/q4/planning/TROUBLESHOOTING.md,NO
docs/archive/2025/q4/planning/documentation-maintenance.md,master_plan.md,docs/archive/2025/q4/planning/master_plan.md,NO
docs/archive/2025/q4/planning/documentation-maintenance.md,master_todo.md,docs/archive/2025/q4/planning/master_todo.md,NO
docs/archive/2025/q4/planning/documentation-maintenance.md,orchestration_plan.md,docs/archive/2025/q4/planning/orchestration_plan.md,NO
docs/archive/2025/q4/planning/documentation-maintenance.md,testing_strategy.md,docs/archive/2025/q4/planning/testing_strategy.md,NO
docs/archive/2025/q4/planning/documentation-maintenance.md,user-guides/,docs/archive/2025/q4/planning/user-guides,NO
docs/archive/2025/q4/planning/documentation-maintenance.md,deployment/,docs/archive/2025/q4/planning/deployment,NO
docs/archive/2025/q4/planning/documentation-maintenance.md,API.md,docs/archive/2025/q4/planning/API.md,NO
docs/archive/2025/q4/planning/documentation-maintenance.md,TROUBLESHOOTING.md,docs/archive/2025/q4/planning/TROUBLESHOOTING.md,NO
docs/archive/2025/q4/planning/FEATURE_ORGANIZATION.md,./FRAUD_ORCHESTRATION.md,docs/archive/2025/q4/planning/FRAUD_ORCHESTRATION.md,YES
docs/archive/2025/q4/planning/FEATURE_ORGANIZATION.md,./CROSS_PAGE_INTEGRATION.md,docs/archive/2025/q4/planning/CROSS_PAGE_INTEGRATION.md,YES
docs/archive/2025/q4/planning/FEATURE_ORGANIZATION.md,../features/evidence-and-forensics.md,docs/archive/2025/q4/features/evidence-and-forensics.md,NO
docs/archive/2025/q4/planning/enhanced-visualizations.md,../reports/ENHANCED_FRONTEND_PROPOSAL_SYNCHRONIZED_2025_12_11.md,docs/archive/2025/q4/reports/ENHANCED_FRONTEND_PROPOSAL_SYNCHRONIZED_2025_12_11.md,YES
docs/archive/2025/q4/operations/PRODUCTION_DEPLOYMENT.md,security/SECURITY_GUIDE.md,docs/archive/2025/q4/operations/security/SECURITY_GUIDE.md,NO
docs/archive/2025/q4/operations/PRODUCTION_DEPLOYMENT.md,API.md,docs/archive/2025/q4/operations/API.md,NO
docs/archive/2025/q4/operations/PRODUCTION_DEPLOYMENT.md,TROUBLESHOOTING.md,docs/archive/2025/q4/operations/TROUBLESHOOTING.md,NO
docs/archive/2025/q4/operations/PRODUCTION_DEPLOYMENT.md,security/SECURITY_GUIDE.md,docs/archive/2025/q4/operations/security/SECURITY_GUIDE.md,NO
docs/archive/2025/q4/operations/PRODUCTION_DEPLOYMENT.md,API.md,docs/archive/2025/q4/operations/API.md,NO
docs/archive/2025/q4/operations/PRODUCTION_DEPLOYMENT.md,user-guides/basic-usage.md,docs/archive/2025/q4/operations/user-guides/basic-usage.md,NO
docs/archive/2025/q4/operations/PRODUCTION_DEPLOYMENT.md,TROUBLESHOOTING.md,docs/archive/2025/q4/operations/TROUBLESHOOTING.md,NO
docs/archive/2025/q4/operations/PRODUCTION_DEPLOYMENT.md,scripts/validate-security.js,docs/archive/2025/q4/operations/scripts/validate-security.js,NO
docs/archive/2025/q4/operations/PRODUCTION_DEPLOYMENT.md,scripts/setup-production.js,docs/archive/2025/q4/operations/scripts/setup-production.js,NO
docs/archive/2025/q4/operations/PRODUCTION_DEPLOYMENT.md,diagnostic-orchestrator.js,docs/archive/2025/q4/operations/diagnostic-orchestrator.js,NO
docs/archive/2025/q4/operations/PRODUCTION_DEPLOYMENT.md,tests/test-security-integration.js,docs/archive/2025/q4/operations/tests/test-security-integration.js,NO
docs/archive/2025/q4/operations/PRODUCTION_DEPLOYMENT.md,training/user-security.md,docs/archive/2025/q4/operations/training/user-security.md,NO
docs/archive/2025/q4/operations/PRODUCTION_DEPLOYMENT.md,training/developer-security.md,docs/archive/2025/q4/operations/training/developer-security.md,NO
docs/archive/2025/q4/operations/PRODUCTION_DEPLOYMENT.md,training/incident-response.md,docs/archive/2025/q4/operations/training/incident-response.md,NO
docs/archive/2025/q4/operations/backup-recovery.md,troubleshooting.md,docs/archive/2025/q4/operations/troubleshooting.md,NO
docs/archive/2025/q4/operations/README.md,ONBOARDING.md,docs/archive/2025/q4/operations/ONBOARDING.md,NO
docs/archive/2025/q4/operations/README.md,ONBOARDING.md,docs/archive/2025/q4/operations/ONBOARDING.md,NO
docs/archive/2025/q4/operations/README.md,user-guides/installation.md,docs/archive/2025/q4/operations/user-guides/installation.md,NO
docs/archive/2025/q4/operations/configuration.md,../user-guides/basic-usage.md,docs/archive/2025/q4/user-guides/basic-usage.md,NO
docs/archive/2025/q4/operations/TROUBLESHOOTING_DEPLOYMENT.md,../DEPLOYMENT.md,docs/archive/2025/q4/DEPLOYMENT.md,NO
docs/archive/2025/q4/operations/monitoring.md,backup-recovery.md,docs/archive/2025/q4/operations/backup-recovery.md,YES
docs/archive/2025/q4/operations/ci-cd.md,../performance_baseline.md,docs/archive/2025/q4/performance_baseline.md,NO
docs/archive/2025/q4/technical/SECURITY_GUIDE.md,developer/security.md,docs/archive/2025/q4/technical/developer/security.md,NO
docs/archive/2025/q4/technical/SECURITY_GUIDE.md,developer/threat-modeling.md,docs/archive/2025/q4/technical/developer/threat-modeling.md,NO
docs/archive/2025/q4/technical/SECURITY_GUIDE.md,operations/incident-response.md,docs/archive/2025/q4/technical/operations/incident-response.md,NO
docs/archive/2025/q4/technical/SECURITY_GUIDE.md,operations/monitoring.md,docs/archive/2025/q4/technical/operations/monitoring.md,NO
docs/archive/2025/q4/technical/SECURITY_GUIDE.md,operations/backup-recovery.md,docs/archive/2025/q4/technical/operations/backup-recovery.md,NO
docs/archive/2025/q4/technical/SECURITY_GUIDE.md,training/developer-security.md,docs/archive/2025/q4/technical/training/developer-security.md,NO
docs/archive/2025/q4/technical/SECURITY_GUIDE.md,training/user-security.md,docs/archive/2025/q4/technical/training/user-security.md,NO
docs/archive/2025/q4/technical/SECURITY_GUIDE.md,training/incident-response.md,docs/archive/2025/q4/technical/training/incident-response.md,NO
docs/archive/2025/q4/reports/COMPREHENSIVE_DIAGNOSTIC_FRAMEWORK_2025_12_11.md,_ERROR_READ_,[Errno 2] No such file or directory: 'docs/archive/2025/q4/reports/COMPREHENSIVE_DIAGNOSTIC_FRAMEWORK_2025_12_11.md',,ERROR
docs/archive/2025/q4/reports/QA_DIAGNOSIS_2025_12_11.md,README.md,docs/archive/2025/q4/reports/README.md,NO
docs/archive/2025/q4/reports/PHASE5_COMPLETION.md,README.md,docs/archive/2025/q4/reports/README.md,NO
docs/archive/2025/q4/reports/STRATEGY_IMPLEMENTATION_COMPREHENSIVE_DIAGNOSTIC_2025_12_10.md,reports/STRATEGY_IMPLEMENTATION_DIAGNOSTIC_COMPREHENSIVE_2025_12_10.md,docs/archive/2025/q4/reports/reports/STRATEGY_IMPLEMENTATION_DIAGNOSTIC_COMPREHENSIVE_2025_12_10.md,NO
docs/archive/2025/q4/reports/critical-action-plan-december-2025.md,README.md,docs/archive/2025/q4/reports/README.md,NO
docs/archive/2025/q4/reports/COMPREHENSIVE_DIAGNOSTIC_ERRORS_GAPS_2025_12_11.md,_ERROR_READ_,[Errno 2] No such file or directory: 'docs/archive/2025/q4/reports/COMPREHENSIVE_DIAGNOSTIC_ERRORS_GAPS_2025_12_11.md',,ERROR
docs/archive/2025/q4/reports/FINESSE_DIAGNOSTIC_SYNC_2025_12_10.md,developer/finesse-enhancements.md,docs/archive/2025/q4/reports/developer/finesse-enhancements.md,NO
docs/archive/2025/q4/reports/FINESSE_DIAGNOSTIC_SYNC_2025_12_10.md,developer/finesse-enhancements.md,docs/archive/2025/q4/reports/developer/finesse-enhancements.md,NO
docs/archive/2025/q4/reports/FINESSE_DIAGNOSTIC_SYNC_2025_12_10.md,../developer/finesse-enhancements.md,docs/archive/2025/q4/developer/finesse-enhancements.md,NO
docs/archive/2025/q4/reports/DIAGNOSTIC_SUMMARY_20251216_213254.md,README.md,docs/archive/2025/q4/reports/README.md,NO
docs/archive/2025/q4/reports/critical-fixes-december-2025.md,README.md,docs/archive/2025/q4/reports/README.md,NO
docs/archive/2025/q4/reports/ENHANCED_FRONTEND_PROPOSAL_SYNCHRONIZED_2025_12_11.md,master_plan.md,docs/archive/2025/q4/reports/master_plan.md,NO
docs/archive/2025/q4/reports/ENHANCED_FRONTEND_PROPOSAL_SYNCHRONIZED_2025_12_11.md,master_todo.md,docs/archive/2025/q4/reports/master_todo.md,NO
docs/archive/2025/q4/reports/ENHANCED_FRONTEND_PROPOSAL_SYNCHRONIZED_2025_12_11.md,UNIMPLEMENTED_DIAGNOSIS_STATUS_SUMMARY_2025_12_11.md,docs/archive/2025/q4/reports/UNIMPLEMENTED_DIAGNOSIS_STATUS_SUMMARY_2025_12_11.md,NO
docs/current/user/manual.md,../assets/adjudication_mockup.png,docs/current/assets/adjudication_mockup.png,NO
docs/current/user/manual.md,../../architecture/SYSTEM_ARCHITECTURE.md,docs/architecture/SYSTEM_ARCHITECTURE.md,NO
docs/current/user/manual.md,../../architecture/SYSTEM_ARCHITECTURE.md,docs/architecture/SYSTEM_ARCHITECTURE.md,NO
docs/current/user/manual.md,../../architecture/SYSTEM_ARCHITECTURE.md,docs/architecture/SYSTEM_ARCHITECTURE.md,NO
docs/current/user/manual.md,../reports/ENHANCED_FRONTEND_PROPOSAL_SYNCHRONIZED_2025_12_11.md,docs/current/reports/ENHANCED_FRONTEND_PROPOSAL_SYNCHRONIZED_2025_12_11.md,NO
docs/current/user/manual.md,../../architecture/SYSTEM_ARCHITECTURE.md,docs/architecture/SYSTEM_ARCHITECTURE.md,NO
docs/current/user/manual.md,../../architecture/SYSTEM_ARCHITECTURE.md,docs/architecture/SYSTEM_ARCHITECTURE.md,NO
docs/current/user/manual.md,../../architecture/06_ai_orchestration_spec.md,docs/architecture/06_ai_orchestration_spec.md,NO
docs/current/user/manual.md,../../architecture/16_frenly_ai_design_orchestration.md,docs/architecture/16_frenly_ai_design_orchestration.md,NO
docs/current/user/manual.md,./ADJUDICATION_QUEUE.md,docs/current/user/ADJUDICATION_QUEUE.md,NO
docs/current/user/manual.md,./DASHBOARD.md,docs/current/user/DASHBOARD.md,NO
docs/current/user/manual.md,./CASE_DETAIL.md,docs/current/user/CASE_DETAIL.md,NO
docs/current/user/manual.md,user-guides/ai-training.md,docs/current/user/user-guides/ai-training.md,NO
docs/current/user/manual.md,user-guides/evidence-processing.md,docs/current/user/user-guides/evidence-processing.md,NO
docs/current/user/manual.md,user-guides/search-features.md,docs/current/user/user-guides/search-features.md,NO
docs/current/user/manual.md,user-guides/collaboration.md,docs/current/user/user-guides/collaboration.md,NO
docs/current/user/manual.md,api-docs/ai-endpoints.md,docs/current/user/api-docs/ai-endpoints.md,NO
docs/current/user/manual.md,api-docs/websocket-protocol.md,docs/current/user/api-docs/websocket-protocol.md,NO
docs/current/user/manual.md,api-docs/search-api.md,docs/current/user/api-docs/search-api.md,NO
docs/current/user/manual.md,../../architecture/SYSTEM_ARCHITECTURE.md,docs/architecture/SYSTEM_ARCHITECTURE.md,NO
docs/current/user/manual.md,../../architecture/SYSTEM_ARCHITECTURE.md,docs/architecture/SYSTEM_ARCHITECTURE.md,NO
docs/current/user/manual.md,../assets/cases_mockup.png,docs/current/assets/cases_mockup.png,NO
docs/current/user/manual.md,../../architecture/MULTI_MEDIA_EVIDENCE_SPEC.md,docs/architecture/MULTI_MEDIA_EVIDENCE_SPEC.md,NO
docs/current/user/manual.md,../../architecture/SYSTEM_ARCHITECTURE.md,docs/architecture/SYSTEM_ARCHITECTURE.md,NO
docs/current/user/manual.md,../../architecture/SYSTEM_ARCHITECTURE.md,docs/architecture/SYSTEM_ARCHITECTURE.md,NO
docs/current/user/manual.md,../../architecture/SYSTEM_ARCHITECTURE.md,docs/architecture/SYSTEM_ARCHITECTURE.md,NO
docs/current/user/manual.md,./02_DASHBOARD.md,docs/current/user/02_DASHBOARD.md,NO
docs/current/user/manual.md,./04_INGESTION.md,docs/current/user/04_INGESTION.md,NO
docs/current/user/manual.md,./06_ADJUDICATION_QUEUE.md,docs/current/user/06_ADJUDICATION_QUEUE.md,NO
docs/current/user/manual.md,../reports/ENHANCED_FRONTEND_PROPOSAL_SYNCHRONIZED_2025_12_11.md,docs/current/reports/ENHANCED_FRONTEND_PROPOSAL_SYNCHRONIZED_2025_12_11.md,NO
docs/current/user/manual.md,../assets/dashboard_mockup.png,docs/current/assets/dashboard_mockup.png,NO
docs/current/user/manual.md,../../architecture/SYSTEM_ARCHITECTURE.md,docs/architecture/SYSTEM_ARCHITECTURE.md,NO
docs/current/user/manual.md,../../architecture/SYSTEM_ARCHITECTURE.md,docs/architecture/SYSTEM_ARCHITECTURE.md,NO
docs/current/user/manual.md,../reports/ENHANCED_FRONTEND_PROPOSAL_SYNCHRONIZED_2025_12_11.md,docs/current/reports/ENHANCED_FRONTEND_PROPOSAL_SYNCHRONIZED_2025_12_11.md,NO
docs/current/user/manual.md,./docs/frontend/FRONTEND_DEVELOPMENT_GUIDELINES.md#error-handling,docs/current/user/docs/frontend/FRONTEND_DEVELOPMENT_GUIDELINES.md,NO
docs/current/user/manual.md,./docs/architecture/01_system_architecture.md#error-handling,docs/current/user/docs/architecture/01_system_architecture.md,NO
docs/current/user/manual.md,./docs/ci_cd/CI_CD_SETUP_GUIDE.md#monitoring,docs/current/user/docs/ci_cd/CI_CD_SETUP_GUIDE.md,NO
docs/current/user/manual.md,../assets/evidence_mockup.png,docs/current/assets/evidence_mockup.png,NO
docs/current/user/manual.md,../../architecture/SYSTEM_ARCHITECTURE.md,docs/architecture/SYSTEM_ARCHITECTURE.md,NO
docs/current/user/manual.md,../../architecture/SYSTEM_ARCHITECTURE.md,docs/architecture/SYSTEM_ARCHITECTURE.md,NO
docs/current/user/manual.md,./02_DASHBOARD.md,docs/current/user/02_DASHBOARD.md,NO
docs/current/user/manual.md,./03_CASES.md,docs/current/user/03_CASES.md,NO
docs/current/user/manual.md,./05_FORENSICS.md,docs/current/user/05_FORENSICS.md,NO
docs/current/user/manual.md,../../architecture/SYSTEM_ARCHITECTURE.md,docs/architecture/SYSTEM_ARCHITECTURE.md,NO
docs/current/user/manual.md,../../architecture/SYSTEM_ARCHITECTURE.md,docs/architecture/SYSTEM_ARCHITECTURE.md,NO
docs/current/user/manual.md,../../architecture/SYSTEM_ARCHITECTURE.md,docs/architecture/SYSTEM_ARCHITECTURE.md,NO
docs/current/user/manual.md,../assets/reconciliation_mockup.png,docs/current/assets/reconciliation_mockup.png,NO
docs/current/user/manual.md,../../architecture/SYSTEM_ARCHITECTURE.md,docs/architecture/SYSTEM_ARCHITECTURE.md,NO
docs/current/user/manual.md,../../architecture/SYSTEM_ARCHITECTURE.md,docs/architecture/SYSTEM_ARCHITECTURE.md,NO
docs/current/user/manual.md,./06_ADJUDICATION_QUEUE.md,docs/current/user/06_ADJUDICATION_QUEUE.md,NO
docs/current/user/manual.md,./04_INGESTION.md,docs/current/user/04_INGESTION.md,NO
docs/current/user/manual.md,./05_FORENSICS.md,docs/current/user/05_FORENSICS.md,NO
docs/current/user/manual.md,./08_VISUALIZATION.md,docs/current/user/08_VISUALIZATION.md,NO
docs/current/user/manual.md,../assets/reporting_mockup.png,docs/current/assets/reporting_mockup.png,NO
docs/current/user/manual.md,../../architecture/SYSTEM_ARCHITECTURE.md,docs/architecture/SYSTEM_ARCHITECTURE.md,NO
docs/current/user/manual.md,../../architecture/SYSTEM_ARCHITECTURE.md,docs/architecture/SYSTEM_ARCHITECTURE.md,NO
docs/current/user/manual.md,./08_VISUALIZATION.md,docs/current/user/08_VISUALIZATION.md,NO
docs/current/user/manual.md,./03_CASES.md,docs/current/user/03_CASES.md,NO
docs/current/user/manual.md,./02_DASHBOARD.md,docs/current/user/02_DASHBOARD.md,NO
docs/current/user/manual.md,./06_ADJUDICATION_QUEUE.md,docs/current/user/06_ADJUDICATION_QUEUE.md,NO
docs/current/user/manual.md,./10_FRENLY_AI_ASSISTANT.md,docs/current/user/10_FRENLY_AI_ASSISTANT.md,NO
docs/current/user/manual.md,../assets/settings_mockup.png,docs/current/assets/settings_mockup.png,NO
docs/current/user/manual.md,../../architecture/SYSTEM_ARCHITECTURE.md,docs/architecture/SYSTEM_ARCHITECTURE.md,NO
docs/current/user/manual.md,../../architecture/SYSTEM_ARCHITECTURE.md,docs/architecture/SYSTEM_ARCHITECTURE.md,NO
docs/current/user/manual.md,../../architecture/SYSTEM_ARCHITECTURE.md,docs/architecture/SYSTEM_ARCHITECTURE.md,NO
docs/current/user/manual.md,./07_RECONCILIATION.md,docs/current/user/07_RECONCILIATION.md,NO
docs/current/user/manual.md,./09_SUMMARY.md,docs/current/user/09_SUMMARY.md,NO
docs/current/user/manual.md,./03_CASES.md,docs/current/user/03_CASES.md,NO
docs/current/user/manual.md,./02_DASHBOARD.md,docs/current/user/02_DASHBOARD.md,NO
docs/current/user/manual.md,./10_FRENLY_AI_ASSISTANT.md,docs/current/user/10_FRENLY_AI_ASSISTANT.md,NO
docs/current/user/manual.md,./06_ADJUDICATION_QUEUE.md,docs/current/user/06_ADJUDICATION_QUEUE.md,NO
docs/current/user/manual.md,first-case.md,docs/current/user/first-case.md,NO
docs/current/user/manual.md,basic-usage.md,docs/current/user/basic-usage.md,NO
docs/current/user/manual.md,../architecture/CORE_ARCHITECTURE.md,docs/current/architecture/CORE_ARCHITECTURE.md,NO
docs/current/user/manual.md,../security/SECURITY_FULL.md,docs/current/security/SECURITY_FULL.md,NO
docs/current/user/manual.md,case-management.md,docs/current/user/case-management.md,NO
docs/current/user/manual.md,evidence-processing.md,docs/current/user/evidence-processing.md,NO
docs/current/user/manual.md,master_plan.md,docs/current/user/master_plan.md,NO
docs/current/user/manual.md,master_todo.md,docs/current/user/master_todo.md,NO
docs/current/user/manual.md,orchestration_plan.md,docs/current/user/orchestration_plan.md,NO
docs/current/user/manual.md,testing_strategy.md,docs/current/user/testing_strategy.md,NO
docs/current/user/manual.md,user-guides/,docs/current/user/user-guides,NO
docs/current/user/manual.md,deployment/,docs/current/user/deployment,NO
docs/current/user/manual.md,API.md,docs/current/user/API.md,NO
docs/current/user/manual.md,TROUBLESHOOTING.md,docs/current/user/TROUBLESHOOTING.md,NO
docs/current/user/manual.md,master_plan.md,docs/current/user/master_plan.md,NO
docs/current/user/manual.md,master_todo.md,docs/current/user/master_todo.md,NO
docs/current/user/manual.md,orchestration_plan.md,docs/current/user/orchestration_plan.md,NO
docs/current/user/manual.md,testing_strategy.md,docs/current/user/testing_strategy.md,NO
docs/current/user/manual.md,user-guides/,docs/current/user/user-guides,NO
docs/current/user/manual.md,deployment/,docs/current/user/deployment,NO
docs/current/user/manual.md,API.md,docs/current/user/API.md,NO
docs/current/user/manual.md,TROUBLESHOOTING.md,docs/current/user/TROUBLESHOOTING.md,NO
docs/current/user/manual.md,fraud-analysis.md,docs/current/user/fraud-analysis.md,NO
docs/current/user/manual.md,basic-usage.md,docs/current/user/basic-usage.md,NO
docs/current/user/manual.md,basic-usage.md,docs/current/user/basic-usage.md,NO
docs/current/user/manual.md,reporting.md,docs/current/user/reporting.md,NO
docs/current/technical/architecture.md,../frontend/pages/dashboard.md,docs/current/frontend/pages/dashboard.md,NO
docs/current/technical/architecture.md,../frontend/pages/cases.md,docs/current/frontend/pages/cases.md,NO
docs/current/technical/architecture.md,../frontend/pages/evidence.md,docs/current/frontend/pages/evidence.md,NO
docs/current/technical/architecture.md,../frontend/pages/reconciliation.md,docs/current/frontend/pages/reconciliation.md,NO
docs/current/technical/architecture.md,../frontend/pages/adjudication.md,docs/current/frontend/pages/adjudication.md,NO
docs/current/technical/architecture.md,../frontend/pages/reporting.md,docs/current/frontend/pages/reporting.md,NO
docs/current/technical/architecture.md,../frontend/pages/settings.md,docs/current/frontend/pages/settings.md,NO
docs/current/technical/architecture.md,../frontend/pages/ai_assistant.md,docs/current/frontend/pages/ai_assistant.md,NO
docs/current/technical/architecture.md,../frontend/pages/authentication.md,docs/current/frontend/pages/authentication.md,NO
docs/current/technical/architecture.md,../frontend/pages/visualizations.md,docs/current/frontend/pages/visualizations.md,NO
docs/current/technical/architecture.md,file:///Users/Arief/Desktop/378x492/master_plan.md#37-electron-desktop-application-architecture,docs/current/technical/file:/Users/Arief/Desktop/378x492/master_plan.md,NO
docs/current/technical/architecture.md,file:///Users/Arief/Desktop/378x492/task_registry.md,docs/current/technical/file:/Users/Arief/Desktop/378x492/task_registry.md,NO
docs/current/technical/architecture.md,file:///Users/Arief/Desktop/378x492/orchestration_plan.md#🖥️-electron-integration-new-priority,docs/current/technical/file:/Users/Arief/Desktop/378x492/orchestration_plan.md,NO
docs/current/technical/architecture.md,finesse-enhancements.md,docs/current/technical/finesse-enhancements.md,NO
docs/deployment/orchestration_plan_archived.md,master_plan.md,docs/deployment/master_plan.md,NO
docs/deployment/orchestration_plan_archived.md,master_todo.md,docs/deployment/master_todo.md,NO
docs/deployment/orchestration_plan_archived.md,task_registry.md,docs/deployment/task_registry.md,NO
docs/deployment/orchestration_plan_archived.md,testing_strategy.md,docs/deployment/testing_strategy.md,NO
docs/deployment/orchestration_plan_archived.md,docs/DOCUMENTATION_INDEX.md,docs/DOCUMENTATION_INDEX.md,YES
docs/deployment/orchestration_plan_archived.md,docs/user-guides/,docs/deployment/docs/user-guides,NO
docs/deployment/orchestration_plan_archived.md,docs/deployment/,docs/deployment,YES
docs/deployment/orchestration_plan_archived.md,docs/API.md,docs/deployment/docs/API.md,NO
docs/deployment/orchestration_plan_archived.md,docs/TROUBLESHOOTING.md,docs/deployment/docs/TROUBLESHOOTING.md,NO
docs/deployment/orchestration_plan_archived.md,task_registry.md,docs/deployment/task_registry.md,NO
docs/deployment/orchestration_plan_archived.md,task_registry.md,docs/deployment/task_registry.md,NO
docs/deployment/orchestration_plan_archived.md,task_registry.md,docs/deployment/task_registry.md,NO
docs/deployment/orchestration_plan_archived.md,task_registry.md,docs/deployment/task_registry.md,NO
docs/deployment/orchestration_plan_archived.md,master_plan.md#37-electron-desktop-application-architecture,docs/deployment/master_plan.md,NO
docs/developers/README.md,setup.md,docs/developers/setup.md,NO
docs/developers/README.md,architecture.md,docs/developers/architecture.md,NO
docs/developers/README.md,electron.md,docs/developers/electron.md,NO
docs/developers/README.md,../api/README.md,docs/api/README.md,NO
docs/developers/README.md,../api/README.md,docs/api/README.md,NO
docs/developers/README.md,electron.md,docs/developers/electron.md,NO
docs/developers/README.md,hardware-security.md,docs/developers/hardware-security.md,NO
